instance,our_mean,our_sd,our_runs,lei_hao_mean,lei_hao_sd,lei_hao_runs,mean_difference,rounding_aware_mean_difference,reference_mean_for_test,reference_sd_for_test,welch_t,degrees_of_freedom,p_value,holm_adjusted_p_value,classification
bonus1000.txt,377.33668173205,0.3742828658355421,20,390.4,4.1,20,-13.063318267949967,-13.058318267949971,390.395,4.1049999999999995,-14.167438543740458,19.315883653588983,1.1669904188215742e-11,7.118641554811603e-10,significant_win
bonus1000rdmRad.txt,919.024119503095,1.7071515366268983,20,921.26,3.14,20,-2.235880496904997,-2.2308804969050016,921.255,3.145,-2.788013526316302,29.30219929909891,0.009218054590487468,0.44246662034339845,inconclusive
bubbles1.txt,349.13488917073,4.7037117890776245e-11,20,349.14,0.0,20,-0.005110829269995065,-0.00011082926999961273,349.135,0.005,-0.09912871264632486,19.000000000000007,0.9220744839199327,1.0,inconclusive
bubbles2.txt,428.279256281095,5.103543598774974e-11,20,428.28,0.0,20,-0.0007437189049710469,0.0,428.279256281095,0.005,0.0,19.000000000000007,1.0,1.0,inconclusive
bubbles3.txt,529.9922040323399,0.08343246939724931,20,529.96,0.0,20,0.0322040323399051,0.027204032339909645,529.965,0.005,1.4555753964827167,19.136473336060835,0.1617199197055318,1.0,inconclusive
bubbles4.txt,807.69498091338,1.8808336884231995,20,805.37,1.7,20,2.3249809133800454,2.31998091338005,805.375,1.7049999999999998,4.086982346663575,37.63971663354482,0.00022062574637863615,0.012134416050824989,significant_loss
bubbles5.txt,1038.760746883225,2.3644198219108388,20,1037.36,1.21,20,1.4007468832251107,1.3957468832250015,1037.365,1.2149999999999999,2.348081408416656,28.380233212313556,0.02606237711018796,1.0,inconclusive
bubbles6.txt,1229.064997155545,3.823877297091918,20,1227.15,3.83,20,1.9149971555448246,1.9099971555447155,1227.1550000000002,3.835,1.577237689640511,37.999679425817725,0.12303053303343525,1.0,inconclusive
bubbles7.txt,1638.59354703222,5.63833898493394,20,1586.78,9.35,20,51.81354703221996,51.80854703221985,1586.785,9.355,21.21209899568026,31.194634369986233,4.289067694933563e-20,2.659221970858809e-18,significant_loss
bubbles8.txt,1928.2921489851751,43.59194843134516,20,1895.74,7.97,20,32.55214898517511,32.547148985175,1895.7450000000001,7.975,3.284527051377417,20.270416691359294,0.0036574499543182617,0.18287249771591307,inconclusive
bubbles9.txt,2190.645387821145,59.96535492525635,20,2168.21,10.63,20,22.435387821145014,22.430387821144905,2168.215,10.635000000000002,1.6471246466157983,20.19406594613199,0.11500618977232378,1.0,inconclusive
chaoSingleDep.txt,1039.611003834305,0.0005037418170153661,20,1039.61,0.0,20,0.0010038343050382537,0.0,1039.611003834305,0.005,0.0,19.385669109261233,1.0,1.0,inconclusive
concentricCircles1.txt,53.1579961908,2.33959399793592e-10,20,53.16,0.0,20,-0.0020038091999978747,0.0,53.1579961908,0.005,0.0,19.00000000000008,1.0,1.0,inconclusive
concentricCircles2.txt,153.15867703782,0.01570704058017654,20,153.22,0.33,20,-0.06132296217998601,-0.056322962179990554,153.215,0.335,-0.7510672654431317,19.08353733478805,0.46177418489181854,1.0,inconclusive
concentricCircles3.txt,270.191643198855,0.1775567804450775,20,270.04,0.06,20,0.1516431988549698,0.14664319885497434,270.045,0.065,3.4684092398111708,24.002707465632636,0.0019917272947835357,0.10356981932874386,inconclusive
concentricCircles4.txt,452.986187104325,0.8306642415670253,20,453.09,0.91,20,-0.10381289567499152,-0.09881289567499607,453.085,0.915,-0.35758284351061376,37.6501324629433,0.7226523399703833,1.0,inconclusive
concentricCircles5.txt,633.690398781615,0.5136980838722498,20,633.43,0.55,20,0.2603987816150948,0.2553987816150993,633.435,0.555,1.5103225262079523,37.77499179007426,0.13928161971523378,1.0,inconclusive
d493_or10.txt,100.720339785795,5.5418809704380303e-05,20,101.12,0.72,20,-0.3996602142049994,-0.39466021420500397,101.11500000000001,0.725,-2.434447074203631,19.000000222035272,0.024947453467781253,1.0,inconclusive
d493_or2.txt,199.58972652674,0.4417064018879297,20,199.67,0.37,20,-0.0802734732599788,-0.07527347325998335,199.665,0.375,-0.5809813244001508,37.02504751485787,0.5647731339049096,1.0,inconclusive
d493_or30.txt,69.75762620115,5.129983310058058e-11,20,69.76,0.0,20,-0.0023737988500016627,0.0,69.75762620115,0.005,0.0,19.000000000000007,1.0,1.0,inconclusive
d493rdmRad.txt,134.226357708195,6.549228608780897e-10,20,134.23,0.0,20,-0.003642291804993647,0.0,134.226357708195,0.005,0.0,19.00000000000065,1.0,1.0,inconclusive
dsj1000_or10.txt,373.7872462977,0.04842064725729821,20,374.52,1.17,20,-0.7327537022999877,-0.7277537022999923,374.515,1.1749999999999998,-2.7675349296806733,19.06453091037844,0.012233575261015438,0.5749780372677256,inconclusive
dsj1000_or2.txt,915.51689128802,5.33650329279223,20,914.21,2.05,20,1.3068912880199832,1.3018912880199878,914.215,2.0549999999999997,1.0181394377479607,24.513750979517507,0.31855558170714326,1.0,inconclusive
dsj1000_or30.txt,199.947960010685,3.838075926340854e-09,20,199.95,0.0,20,-0.0020399893149942727,0.0,199.947960010685,0.005,0.0,19.00000000002239,1.0,1.0,inconclusive
dsj1000rdmRad.txt,624.60426902775,3.473148536789863e-08,20,625.0,0.42,20,-0.3957309722500213,-0.39073097225002584,624.995,0.425,-4.111534187603006,19.000000000000256,0.0005938980058376446,0.031476594309395166,significant_win
kroD100_or10.txt,89.66766118959,6.256758185826618e-10,20,89.68,0.06,20,-0.012338810410000178,-0.007338810410004726,89.67500000000001,0.065,-0.5049255061770359,19.000000000000004,0.6194174960468986,1.0,inconclusive
kroD100_or2.txt,159.03383411884,9.582868478225827e-10,20,159.11,0.14,20,-0.07616588116002276,-0.07116588116002731,159.10500000000002,0.14500000000000002,-2.1949206614136916,19.0,0.040796577014693275,1.0,inconclusive
kroD100_or30.txt,58.541123136305,2.2361078830593356e-11,20,58.54,0.0,20,0.0011231363050043797,0.0,58.541123136305,0.005,0.0,19.0,1.0,1.0,inconclusive
kroD100rdmRad.txt,141.82887330297,1.8284585566112473e-09,20,141.88,0.24,20,-0.051126697029985735,-0.04612669702999028,141.875,0.245,-0.8419790215232321,19.0,0.4102729918674104,1.0,inconclusive
lin318_or10.txt,1394.6627364159149,0.10187636487326329,20,1399.96,5.55,20,-5.297263584085158,-5.292263584085049,1399.955,5.555,-4.259899740498776,19.012780925439532,0.00042279235711614564,0.022830787284271865,significant_win
lin318_or2.txt,2818.46681885661,0.9357553343147187,20,2826.16,5.76,20,-7.6931811433896655,-7.688181143389556,2826.1549999999997,5.765,-5.886975810262264,20.000479596912616,9.28934947685812e-06,0.000538782269657771,significant_win
lin318_or30.txt,765.963924954315,4.0817275205042703e-10,20,765.96,0.0,20,0.003924954314925344,0.0,765.963924954315,0.005,0.0,19.00000000000025,1.0,1.0,inconclusive
lin318rdmRad.txt,2047.10649183379,0.00010022494716634727,20,2047.11,0.0,20,-0.0035081662099401,0.0,2047.10649183379,0.005,0.0,19.01526845838743,1.0,1.0,inconclusive
pcb442_or10.txt,142.68505303077,0.047721407043164854,20,144.3,2.07,20,-1.6149469692300045,-1.609946969230009,144.29500000000002,2.0749999999999997,-3.4689148888957777,19.020098967749643,0.002567179873164041,0.13092617353136607,inconclusive
pcb442_or2.txt,319.971969482805,0.20774976262318923,20,321.05,0.97,20,-1.0780305171950317,-1.0730305171950363,321.045,0.975,-4.8137203946044345,20.721714522612537,9.639278203880911e-05,0.005494388576212119,significant_win
pcb442_or30.txt,83.53722951701,3.077989986034835e-11,20,83.54,0.0,20,-0.0027704829900017103,0.0,83.53722951701,0.005,0.0,19.0,1.0,1.0,inconclusive
pcb442rdmRad.txt,219.301043278115,0.17080528362545783,20,219.58,0.36,20,-0.27895672188500953,-0.2739567218850141,219.57500000000002,0.365,-3.040217737468545,26.940682694143643,0.005212540412985577,0.25541448023629326,inconclusive
rat195_or10.txt,67.991127681465,0.0005294804657905655,20,67.99,0.0,20,0.001127681465007413,0.0,67.991127681465,0.005,0.0,19.426077756025343,1.0,1.0,inconclusive
rat195_or2.txt,157.99486926506,0.16787164521307302,20,158.85,0.58,20,-0.8551307349399906,-0.8501307349399951,158.845,0.585,-6.2468600128394565,22.108075784046196,2.690328459124237e-06,0.00015872937908832999,significant_win
rat195_or30.txt,45.70164159732499,4.4426958675004606e-11,20,45.7,0.0,20,0.0016415973249905846,0.0,45.70164159732499,0.005,0.0,19.0,1.0,1.0,inconclusive
rat195rdmRad.txt,68.22400333737001,5.712337445146314e-11,20,68.22,0.0,20,0.004003337370008353,0.0,68.22400333737001,0.005,0.0,19.000000000000007,1.0,1.0,inconclusive
rd400_or10.txt,449.993645982995,1.7558885022370296,20,453.96,0.99,20,-3.96635401700496,-3.9613540170049646,453.955,0.995,-8.777936118111551,30.061568462228724,8.535328661498076e-10,5.1211971968988456e-08,significant_win
rd400_or2.txt,1020.64309035118,1.2858032716146732,20,1021.19,1.79,20,-0.5469096488200194,-0.5419096488200239,1021.1850000000001,1.795,-1.0975910034660263,34.43474466869274,0.27999918540998747,1.0,inconclusive
rd400_or30.txt,224.838596620675,4.0376696153319063e-10,20,224.84,0.0,20,-0.0014033793250121107,0.0,224.838596620675,0.005,0.0,19.000000000000245,1.0,1.0,inconclusive
rd400rdmRad.txt,1239.5917522330851,2.0328474573188458,20,1240.89,1.32,20,-1.298247766914983,-1.2932477669148739,1240.885,1.325,-2.3834682748359315,32.67555006168165,0.02312209403625264,1.0,inconclusive
rotatingDiamonds1.txt,32.389029623255,5.1039062724246884e-11,20,32.39,0.0,20,-0.0009703767450019996,0.0,32.389029623255,0.005,0.0,19.000000000000007,1.0,1.0,inconclusive
rotatingDiamonds2.txt,140.477409359575,3.5844519033020907e-09,20,140.48,0.0,20,-0.0025906404249838033,0.0,140.477409359575,0.005,0.0,19.00000000001953,1.0,1.0,inconclusive
rotatingDiamonds3.txt,380.882563701665,0.00033206351923277283,20,380.88,0.0,20,0.0025637016649966426,0.0,380.882563701665,0.005,0.0,19.16760133433964,1.0,1.0,inconclusive
rotatingDiamonds4.txt,770.689871737665,0.06459712804333276,20,770.67,0.02,20,0.019871737665084765,0.014871737665089313,770.675,0.025,0.9601877119959815,24.566752342629577,0.3463165254800966,1.0,inconclusive
rotatingDiamonds5.txt,1510.790183151055,0.06424354199273953,20,1510.77,0.03,20,0.020183151055107373,0.015183151054998234,1510.775,0.034999999999999996,0.9281312971163097,29.36558154649452,0.3609059674756989,1.0,inconclusive
team1_100.txt,307.336869465795,2.0385532764041223e-10,20,307.34,0.0,20,-0.003130534204956348,0.0,307.336869465795,0.005,0.0,19.000000000000064,1.0,1.0,inconclusive
team1_100rdmRad.txt,388.536875650135,6.70737035606316e-11,20,388.54,0.0,20,-0.0031243498650042056,0.0,388.536875650135,0.005,0.0,19.000000000000007,1.0,1.0,inconclusive
team2_200.txt,246.682983519355,1.6316492206720422e-08,20,246.68,0.0,20,0.0029835193549843098,0.0,246.682983519355,0.005,0.0,19.00000000040466,1.0,1.0,inconclusive
team2_200rdmRad.txt,614.47267368197,1.5497086906941315,20,614.28,1.28,20,0.19267368197006363,0.18767368197006817,614.285,1.285,0.41690740207476595,36.740541792052305,0.6791720650105566,1.0,inconclusive
team3_300.txt,461.90457876711497,0.027928067373047125,20,462.16,0.58,20,-0.25542123288505536,-0.2504212328850599,462.15500000000003,0.585,-1.9122115469676697,19.08660667699621,0.07097746544533991,1.0,inconclusive
team3_300rdmRad.txt,378.08714232175,1.8495730498203967e-10,20,378.09,0.0,20,-0.002857678249995388,0.0,378.08714232175,0.005,0.0,19.00000000000005,1.0,1.0,inconclusive
team4_400.txt,673.820242461905,2.246408398135174,20,675.46,3.04,20,-1.6397575380950684,-1.634757538095073,675.455,3.045,-1.9320638280339202,34.955473719127255,0.06148891321002562,1.0,inconclusive
team4_400rdmRad.txt,985.14500134433,0.7553152815339624,20,986.44,2.23,20,-1.2949986556700424,-1.289998655670047,986.4350000000001,2.235,-2.4453630048210995,23.284073137477417,0.022437906363199613,1.0,inconclusive
team5_499.txt,695.493953506285,0.7972661054596754,20,697.37,1.68,20,-1.8760464937149663,-1.871046493714971,697.365,1.6849999999999998,-4.488808015103977,27.101237012528593,0.00011936427803434014,0.006684399569923048,significant_win
team5_499rdmRad.txt,446.191186670175,3.93199925956506e-10,20,446.19,0.0,20,0.0011866701750022912,0.0,446.191186670175,0.005,0.0,19.000000000000238,1.0,1.0,inconclusive
team6_500.txt,225.21600458476001,1.2162947081249598e-09,20,225.22,0.0,20,-0.003995415239984368,0.0,225.21600458476001,0.005,0.0,19.000000000002245,1.0,1.0,inconclusive
team6_500rdmRad.txt,621.00372223005,0.29192566067282466,20,620.94,0.13,20,0.06372223004996158,0.05872223004996613,620.945,0.135,0.8165100687858708,26.77114592688449,0.42141505677557756,1.0,inconclusive
