"instance","runs_completed","best_run","best_seed","generated_best","ma_cetsp","best_final","mean_final","lei_hao","published_precision","comparison_at_published_precision","improvement_vs_lei_hao_percent","final_valid","best_tour"
"bonus1000.txt","20","19","123456807","379.0252945632","376.6678471738","376.6677889355","377.33668173205","384.365","3","improvement","2.002578555409567","true","results/mennell_hybrid/tours/bonus1000.result"
"bonus1000rdmRad.txt","20","17","123456805","936.7854929044","916.8484396093","916.8484396076","919.0241195030949","917.61","2","improvement","0.08299390725907983","true","results/mennell_hybrid/tours/bonus1000rdmRad.result"
"bubbles1.txt","20","1","123456789","349.3100214715","349.1348891707","349.1348891707","349.13488917073005","349.135","3","tie","3.174396723701087E-05","true","results/mennell_hybrid/tours/bubbles1.result"
"bubbles2.txt","20","4","123456792","428.5139262266","428.279256281","428.279256281","428.27925628109494","428.279","3","tie","-5.9839730647534284E-05","true","results/mennell_hybrid/tours/bubbles2.result"
"bubbles3.txt","20","7","123456795","531.4306643047","529.9547584089","529.9547583644","529.99220403234","529.955","3","tie","4.559549395538134E-05","true","results/mennell_hybrid/tours/bubbles3.result"
"bubbles4.txt","20","5","123456793","810.6612866696","804.7206722559","804.7206722406","807.6949809133802","802.974","3","loss","-0.21752537947679396","true","results/mennell_hybrid/tours/bubbles4.result"
"bubbles5.txt","20","15","123456803","1061.8589274945","1035.8843007364","1035.8843007288","1038.7607468832252","1035.32","2","loss","-0.054504957771525975","true","results/mennell_hybrid/tours/bubbles5.result"
"bubbles6.txt","20","14","123456802","1296.690592424","1221.5653439336","1221.5653439128","1229.064997155545","1220.07","2","loss","-0.12256214092634693","true","results/mennell_hybrid/tours/bubbles6.result"
"bubbles7.txt","20","15","123456803","1637.2496680682","1624.3737234219","1623.8890801667","1638.5935470322202","1575.04","2","loss","-3.101450132485531","true","results/mennell_hybrid/tours/bubbles7.result"
"bubbles8.txt","20","19","123456807","1982.5732188652","1884.3620489651","1884.1335889453","1928.292148985175","1881.93","2","loss","-0.11709197182148104","true","results/mennell_hybrid/tours/bubbles8.result"
"bubbles9.txt","20","20","123456808","2333.0917662504","2150.0154618832","2149.3414380165","2190.645387821145","2148.4","1","loss","-0.04382042526996311","true","results/mennell_hybrid/tours/bubbles9.result"
"chaoSingleDep.txt","20","1","123456789","1042.5080639622","1039.6108911803","1039.6108911803","1039.6110038343052","1039.61","2","tie","-8.572255943926412E-05","true","results/mennell_hybrid/tours/chaoSingleDep.result"
"concentricCircles1.txt","20","18","123456806","53.1974897462","53.15799619","53.15799619","53.1579961908","53.158","3","tie","7.167312544870029E-06","true","results/mennell_hybrid/tours/concentricCircles1.result"
"concentricCircles2.txt","20","17","123456805","153.8108091448","153.1322829758","153.1322829758","153.15867703782","153.132","3","tie","-0.00018479207480505798","true","results/mennell_hybrid/tours/concentricCircles2.result"
"concentricCircles3.txt","20","3","123456791","271.6783903299","270.0133376072","270.0133376046","270.191643198855","270.007","3","loss","-0.0023472001096237","true","results/mennell_hybrid/tours/concentricCircles3.result"
"concentricCircles4.txt","20","3","123456791","460.9435633854","452.0817842346","452.0817842345","452.98618710432504","451.87","2","loss","-0.04686839898643131","true","results/mennell_hybrid/tours/concentricCircles4.result"
"concentricCircles5.txt","20","3","123456791","641.1464756649","633.0507589031","633.050758903","633.6903987816152","632.977","3","loss","-0.011652698755246731","true","results/mennell_hybrid/tours/concentricCircles5.result"
"d493_or10.txt","20","16","123456804","100.9393503876","100.7202987593","100.7202987593","100.720339785795","100.721","3","improvement","0.0006962209469826852","true","results/mennell_hybrid/tours/d493_or10.result"
"d493_or2.txt","20","9","123456797","200.7051277399","198.9862274658","198.9862274447","199.58972652673998","199.015","3","improvement","0.01445748074264766","true","results/mennell_hybrid/tours/d493_or2.result"
"d493_or30.txt","20","1","123456789","69.762058701","69.7576262011","69.7576262011","69.75762620115002","69.7577","4","improvement","0.0001057931955961315","true","results/mennell_hybrid/tours/d493_or30.result"
"d493rdmRad.txt","20","20","123456808","134.646552134","134.2263577076","134.2263577076","134.226357708195","134.226","3","tie","-0.000266496505884511","true","results/mennell_hybrid/tours/d493rdmRad.result"
"dsj1000_or10.txt","20","17","123456805","376.2602168856","373.7589040161","373.7589040143","373.7872462977001","373.759","3","tie","2.5681174232540488E-05","true","results/mennell_hybrid/tours/dsj1000_or10.result"
"dsj1000_or2.txt","20","17","123456805","925.7340268947","909.7996355221","909.7959427384","915.5168912880201","909.502","3","loss","-0.032319086533070356","true","results/mennell_hybrid/tours/dsj1000_or2.result"
"dsj1000_or30.txt","20","1","123456789","200.1932492924","199.9479600093","199.9479600093","199.947960010685","199.948","3","tie","2.0000550144560222E-05","true","results/mennell_hybrid/tours/dsj1000_or30.result"
"dsj1000rdmRad.txt","20","3","123456791","626.0285254779","624.6042690115","624.6042690115","624.6042690277499","624.604","3","tie","-4.3069128599085344E-05","true","results/mennell_hybrid/tours/dsj1000rdmRad.result"
"kroD100_or10.txt","20","3","123456791","89.8583687753","89.6676611892","89.6676611892","89.66766118959","89.6679","4","improvement","0.0002663280839621545","true","results/mennell_hybrid/tours/kroD100_or10.result"
"kroD100_or2.txt","20","12","123456800","159.5927857942","159.0338341181","159.0338341181","159.03383411884005","159.037","3","improvement","0.0019906574570715536","true","results/mennell_hybrid/tours/kroD100_or2.result"
"kroD100_or30.txt","20","1","123456789","58.5652954464","58.5411231363","58.5411231363","58.54112313630502","58.5412","4","improvement","0.00013129847014094334","true","results/mennell_hybrid/tours/kroD100_or30.result"
"kroD100rdmRad.txt","20","8","123456796","142.1809129635","141.8288733018","141.8288733018","141.82887330297","141.829","3","tie","8.93316599610118E-05","true","results/mennell_hybrid/tours/kroD100rdmRad.result"
"lin318_or10.txt","20","6","123456794","1405.9463495284","1394.6173972209","1394.6173972208","1394.662736415915","1394.63","2","improvement","0.0009036647139421475","true","results/mennell_hybrid/tours/lin318_or10.result"
"lin318_or2.txt","20","19","123456807","2834.2151931826","2817.0202800628","2817.0202800565","2818.46681885661","2816.58","2","loss","-0.01563172558563531","true","results/mennell_hybrid/tours/lin318_or2.result"
"lin318_or30.txt","20","20","123456808","766.15627279","765.9639249541","765.963924954","765.9639249543148","765.964","3","tie","9.797588399232313E-06","true","results/mennell_hybrid/tours/lin318_or30.result"
"lin318rdmRad.txt","20","9","123456797","2051.9501014619","2047.1064694185","2047.1064694185","2047.10649183379","2047.11","2","tie","0.00017246662367653297","true","results/mennell_hybrid/tours/lin318rdmRad.result"
"pcb442_or10.txt","20","7","123456795","143.2500334928","142.5926708821","142.5922097571","142.68505303076998","142.573","3","loss","-0.01347362901810742","true","results/mennell_hybrid/tours/pcb442_or10.result"
"pcb442_or2.txt","20","6","123456794","333.4320213556","319.659606395","319.6596063946","319.97196948280504","319.846","3","improvement","0.058276047035130986","true","results/mennell_hybrid/tours/pcb442_or2.result"
"pcb442_or30.txt","20","1","123456789","83.5379383925","83.537229517","83.537229517","83.53722951701","83.5373","4","improvement","8.437308843090023E-05","true","results/mennell_hybrid/tours/pcb442_or30.result"
"pcb442rdmRad.txt","20","18","123456806","221.1304233215","219.2188301189","219.2188301188","219.30104327811495","219.219","3","tie","7.749383036150239E-05","true","results/mennell_hybrid/tours/pcb442rdmRad.result"
"rat195_or10.txt","20","9","123456797","68.071378632","67.9908208434","67.9908208434","67.99112768146499","67.9909","4","improvement","0.00011642234474714957","true","results/mennell_hybrid/tours/rat195_or10.result"
"rat195_or2.txt","20","1","123456789","160.827434968","157.8650083009","157.8650083009","157.99486926506","157.97","2","improvement","0.06646306203709407","true","results/mennell_hybrid/tours/rat195_or2.result"
"rat195_or30.txt","20","10","123456798","45.7035914467","45.7016415973","45.7016415973","45.701641597324986","45.7017","4","improvement","0.00012779108874702588","true","results/mennell_hybrid/tours/rat195_or30.result"
"rat195rdmRad.txt","20","1","123456789","68.2519713855","68.2240033373","68.2240033373","68.22400333737002","68.224","3","tie","-4.8916803482559365E-06","true","results/mennell_hybrid/tours/rat195rdmRad.result"
"rd400_or10.txt","20","15","123456803","452.9844325538","448.4552092718","448.4552092709","449.99364598299496","452.826","3","improvement","0.9652252143428178","true","results/mennell_hybrid/tours/rd400_or10.result"
"rd400_or2.txt","20","9","123456797","1041.9664521837","1018.4643163459","1018.4643163458","1020.6430903511798","1018.46","2","tie","-0.00042381102840633307","true","results/mennell_hybrid/tours/rd400_or2.result"
"rd400_or30.txt","20","13","123456801","224.932882785","224.8385966202","224.8385966202","224.838596620675","224.839","3","tie","0.00017940828770406553","true","results/mennell_hybrid/tours/rd400_or30.result"
"rd400rdmRad.txt","20","2","123456790","1276.6272494252","1238.0142374135","1238.0142374135","1239.5917522330851","1238.28","2","improvement","0.021462236852725698","true","results/mennell_hybrid/tours/rd400rdmRad.result"
"rotatingDiamonds1.txt","20","1","123456789","32.4430220266","32.3890296232","32.3890296232","32.38902962325501","32.389","3","tie","-9.146068109439044E-05","true","results/mennell_hybrid/tours/rotatingDiamonds1.result"
"rotatingDiamonds2.txt","20","2","123456790","140.6697671643","140.4774093569","140.4774093569","140.477409359575","140.477","3","tie","-0.00029140492750247466","true","results/mennell_hybrid/tours/rotatingDiamonds2.result"
"rotatingDiamonds3.txt","20","4","123456792","381.5723744914","380.8824342848","380.8824342848","380.88256370166505","380.882","3","tie","-0.00011402082534954257","true","results/mennell_hybrid/tours/rotatingDiamonds3.result"
"rotatingDiamonds4.txt","20","8","123456796","790.736420159","770.6606418401","770.66064184","770.689871737665","770.661","3","tie","4.6474390154060375E-05","true","results/mennell_hybrid/tours/rotatingDiamonds4.result"
"rotatingDiamonds5.txt","20","13","123456801","1538.1724086821","1510.7489448114","1510.7489448114","1510.7901831510549","1510.75","2","tie","6.984534834012879E-05","true","results/mennell_hybrid/tours/rotatingDiamonds5.result"
"team1_100.txt","20","5","123456793","308.1962909343","307.3368694656","307.3368694656","307.3368694657951","307.337","3","tie","4.247272537970212E-05","true","results/mennell_hybrid/tours/team1_100.result"
"team1_100rdmRad.txt","20","8","123456796","399.2782010013","388.53687565","388.53687565","388.53687565013513","388.537","3","tie","3.200467393442045E-05","true","results/mennell_hybrid/tours/team1_100rdmRad.result"
"team2_200.txt","20","4","123456792","247.2599214026","246.6829835083","246.6829835083","246.68298351935496","246.683","3","tie","6.685381641604105E-06","true","results/mennell_hybrid/tours/team2_200.result"
"team2_200rdmRad.txt","20","19","123456807","624.0880692995","613.6594811857","613.6594811857","614.4726736819699","613.659","3","tie","-7.841255485248875E-05","true","results/mennell_hybrid/tours/team2_200rdmRad.result"
"team3_300.txt","20","9","123456797","462.9485011259","461.8885926673","461.888592664","461.90457876711497","461.889","3","tie","8.818915367618758E-05","true","results/mennell_hybrid/tours/team3_300.result"
"team3_300rdmRad.txt","20","1","123456789","379.1259041389","378.0871423215","378.0871423215","378.0871423217501","378.087","3","tie","-3.76425267182312E-05","true","results/mennell_hybrid/tours/team3_300rdmRad.result"
"team4_400.txt","20","2","123456790","675.0851538841","668.886564133","668.8485747089","673.8202424619051","669.91","2","improvement","0.1584429686226541","true","results/mennell_hybrid/tours/team4_400.result"
"team4_400rdmRad.txt","20","16","123456804","1005.9476788089","984.3209856342","984.3209856342","985.14500134433","984.24","2","loss","-0.008228240490127714","true","results/mennell_hybrid/tours/team4_400rdmRad.result"
"team5_499.txt","20","11","123456799","705.257650263","694.2729578111","694.2729578065","695.493953506285","693.798","3","loss","-0.06845764999322787","true","results/mennell_hybrid/tours/team5_499.result"
"team5_499rdmRad.txt","20","20","123456808","446.5160087919","446.1911866698","446.1911866698","446.191186670175","446.191","3","tie","-4.183629881147398E-05","true","results/mennell_hybrid/tours/team5_499rdmRad.result"
"team6_500.txt","20","18","123456806","225.3872667255","225.2160045839","225.2160045838","225.21600458476001","225.216","3","tie","-2.035290555648207E-06","true","results/mennell_hybrid/tours/team6_500.result"
"team6_500rdmRad.txt","20","4","123456792","625.8802946606","620.8858587199","620.8858587186","621.00372223005","620.886","3","tie","2.2754805216985895E-05","true","results/mennell_hybrid/tours/team6_500rdmRad.result"
