"instance","repetitions","lei_hao","historical_cetsp","current_base","after_lkh","after_socp","final","postprocess_improvement_percent","final_gap_to_lei_hao_percent","solver_ms","lkh_ms","socp_ms","valid"
"bonus1000.txt","10000","384.365","378.6217","379.1333853343","379.1333853343","379.1333853343","379.1333853343","0","-1.3611058930183606","33276","38","1004","true"
"bonus1000rdmRad.txt","1000","917.61","937.2473","934.5542623974","934.5542623974","934.5542623974","934.5542623974","0","1.846564705855422","3153","86","1840","true"
"bubbles1.txt","1000","349.135","349.2548","349.32646186","349.32646186","349.32646186","349.32646186","0","0.05483891904277829","149","43","63","true"
"bubbles2.txt","1000","428.279","428.3678","428.4917124108","428.4917124108","428.4917124108","428.4917124108","0","0.049666785156407135","297","45","67","true"
"bubbles3.txt","1000","529.955","531.2427","531.1488000973","531.1488000973","531.1327156206","531.1327156206","0.003028243064273084","0.222229362983649","546","40","103","true"
"bubbles4.txt","1000","802.974","809.2157","809.7188177539","809.7188177539","809.7188177539","809.7188177539","0","0.8399795950927367","976","43","126","true"
"bubbles5.txt","1000","1035.32","1055.4878","1056.3768186924","1056.3768186924","1056.3768186924","1056.3768186924","0","2.0338464139010313","1437","40","148","true"
"bubbles6.txt","1000","1220.07","1301.4589","1291.5111703549","1291.5111703549","1291.5111703549","1291.5111703549","0","5.855497664470081","2241","44","172","true"
"bubbles7.txt","1000","1575.04","1647.8371","1639.2158077385","1639.2158077385","1639.2158077385","1639.2158077385","0","4.074550978927519","2690","45","198","true"
"bubbles8.txt","1000","1881.93","1995.2337","1982.4707804726","1982.4707804726","1982.4707804726","1982.4707804726","0","5.342429339699132","3304","45","327","true"
"bubbles9.txt","1000","2148.4","2331.4308","2338.7646282534","2338.7646282534","2338.7646282534","2338.7646282534","0","8.860762812018248","4856","57","353","true"
"chaoSingleDep.txt","1000","1039.61","1042.8638","1042.5337624298","1042.5337624298","1042.5337624298","1042.5337624298","0","0.2812364665403407","917","49","141","true"
"concentricCircles1.txt","1000","53.158","53.2013","53.1913082758","53.1913082758","53.1913082758","53.1913082758","0","0.06265900861581712","56","41","63","true"
"concentricCircles2.txt","1000","153.132","153.8702","153.9346343983","153.9346343983","153.9346343983","153.9346343983","0","0.5241454420369357","171","41","68","true"
"concentricCircles3.txt","1000","270.007","271.7441","271.8878525037","271.8878525037","271.8878525037","271.8878525037","0","0.696593978563518","285","41","76","true"
"concentricCircles4.txt","1000","451.87","460.0793","460.6572427455","460.6572427455","460.6572427455","460.6572427455","0","1.9446395524155198","605","43","100","true"
"concentricCircles5.txt","1000","632.977","639.0799","639.0377094057","639.0377094057","639.0377094057","639.0377094057","0","0.9574928323935912","1056","50","138","true"
"d493_or10.txt","1000","100.721","100.9585","100.9566484206","100.9566484206","100.9566484206","100.9566484206","0","0.23396155776848965","1784","38","677","true"
"d493_or2.txt","1000","199.015","200.7983","200.6155408733","200.6155408733","200.6155408733","200.6155408733","0","0.8042312756827473","3104","56","284","true"
"d493_or30.txt","1000","69.7577","69.758","69.7591947856","69.7591947856","69.7591947856","69.7591947856","0","0.0021428252365001234","2394","39","802","true"
"d493rdmRad.txt","1000","134.226","134.6215","134.6495614867","134.6495614867","134.6495614867","134.6495614867","0","0.3155584511942615","464","43","651","true"
"dsj1000_or10.txt","1000","373.759","376.4451","376.4712580692","376.4712580692","376.4712580692","376.4712580692","0","0.7256703033773111","2960","45","2175","true"
"dsj1000_or2.txt","1000","909.502","922.4404","924.4587780147","924.4587780147","924.2965472103","924.2965472103","0.017548733189422624","1.6266646153939233","6239","97","1251","true"
"dsj1000_or30.txt","1000","199.948","200.0374","200.4446517399","200.4446517399","200.4446517399","200.4446517399","0","0.24839045146737568","2721","39","1954","true"
"dsj1000rdmRad.txt","1000","624.604","626.148","626.1015963325","626.1015963325","626.1015963325","626.1015963325","0","0.23976732978013882","1056","48","1384","true"
"kroD100_or10.txt","1000","89.6679","89.7807","89.8070227918","89.8070227918","89.8070227918","89.8070227918","0","0.15515339580830076","278","38","76","true"
"kroD100_or2.txt","1000","159.037","159.6029","159.5980582894","159.5980582894","159.5980582894","159.5980582894","0","0.3527847541138192","496","44","87","true"
"kroD100_or30.txt","1000","58.5412","58.5758","58.5599988035","58.5599988035","58.5599988035","58.5599988035","0","0.03211209114264402","110","38","69","true"
"kroD100rdmRad.txt","1000","141.829","142.199","142.2124952009","142.2124952009","142.2124952009","142.2124952009","0","0.2703926565794023","387","41","133","true"
"lin318_or10.txt","1000","1394.63","1404.3428","1403.5010237385","1403.5010237385","1403.5010237385","1403.5010237385","0","0.6360843907344488","1053","39","97","true"
"lin318_or2.txt","1000","2816.58","2833.4102","2833.6556942658","2833.6556942658","2833.6556942658","2833.6556942658","0","0.606256320282042","2239","55","227","true"
"lin318_or30.txt","1000","765.964","765.9979","766.0751606047","766.0751606047","766.0751606047","766.0751606047","0","0.014512510339910172","631","35","503","true"
"lin318rdmRad.txt","1000","2047.11","2052.4863","2052.40566627","2052.40566627","2052.40566627","2052.40566627","0","0.25868987352902795","468","41","224","true"
"pcb442_or10.txt","1000","142.573","143.3016","143.1368723857","143.1368723857","143.1368723857","143.1368723857","0","0.3954973141478362","1462","42","141","true"
"pcb442_or2.txt","1000","319.846","332.7006","334.3335974587","334.3335974587","334.3269343882","334.3269343882","0.001992940748594576","4.527470841655051","3190","81","228","true"
"pcb442_or30.txt","1000","83.5373","83.538","83.5427050476","83.5427050476","83.5427050476","83.5427050476","0","0.006470220608031311","924","34","1031","true"
"pcb442rdmRad.txt","1000","219.219","220.2797","220.9245586333","220.9245586333","220.9245586333","220.9245586333","0","0.7780158806034152","583","46","616","true"
"rat195_or10.txt","1000","67.9909","68.0803","68.0416651103","68.0416651103","68.0416651103","68.0416651103","0","0.07466456584632024","583","37","100","true"
"rat195_or2.txt","1000","157.97","160.4951","160.1172176375","160.1172176375","160.1172176375","160.1172176375","0","1.3592565914414168","1342","43","174","true"
"rat195_or30.txt","1000","45.7017","45.7022","45.7028597736","45.7028597736","45.7028597736","45.7028597736","0","0.0025377034114577707","303","42","87","true"
"rat195rdmRad.txt","1000","68.224","68.2517","68.2516596258","68.2516596258","68.2516596258","68.2516596258","0","0.04054236896106702","121","38","173","true"
"rd400_or10.txt","1000","452.826","453.9433","455.7984933357","455.7984933357","455.7984933357","455.7984933357","0","0.6564316836268222","1440","39","149","true"
"rd400_or2.txt","1000","1018.46","1040.517","1040.2759952962","1040.2759952962","1040.2759952962","1040.2759952962","0","2.1420571545470684","3157","78","249","true"
"rd400_or30.txt","1000","224.839","224.9101","224.9474116335","224.9474116335","224.9474116335","224.9474116335","0","0.048217450486791706","702","39","526","true"
"rd400rdmRad.txt","1000","1238.28","1279.5152","1277.1041899984","1277.1041899984","1277.1041899984","1277.1041899984","0","3.1353320733921257","3180","131","802","true"
"rotatingDiamonds1.txt","1000","32.389","32.4306","32.4381571202","32.4381571202","32.4381571202","32.4381571202","0","0.15177103399302322","45","40","52","true"
"rotatingDiamonds2.txt","1000","140.477","140.6363","140.6798424213","140.6798424213","140.6798424213","140.6798424213","0","0.14439546779900272","258","37","62","true"
"rotatingDiamonds3.txt","1000","380.882","381.4749","381.5703476824","381.5703476824","381.5703476824","381.5703476824","0","0.18072465551009986","1301","52","135","true"
"rotatingDiamonds4.txt","1000","770.661","790.6007","774.3256119186","774.3256119186","774.3256119186","774.3256119186","0","0.4755154235909214","2576","88","197","true"
"rotatingDiamonds5.txt","1000","1510.75","1554.0642","1544.1784358335","1538.2524602435","1538.2524602435","1538.2524602435","0.3837623588365517","1.8204507856031826","5700","521","715","true"
"team1_100.txt","1000","307.337","308.3386","308.0474134853","308.0474134853","308.0474134853","308.0474134853","0","0.2311513046916002","274","41","75","true"
"team1_100rdmRad.txt","1000","388.537","399.2718","397.7675908298","397.1389294019","397.1389294019","397.1389294019","0.15804742326757232","2.2139279919029615","196","41","120","true"
"team2_200.txt","1000","246.683","247.4012","247.3075398051","247.3075398051","247.3075398051","247.3075398051","0","0.25317504858462053","462","37","89","true"
"team2_200rdmRad.txt","1000","613.659","618.0012","623.9248081587","623.9248081587","623.9248081587","623.9248081587","0","1.6728848038894562","862","45","275","true"
"team3_300.txt","1000","461.889","462.9603","463.1220649909","463.1220649909","463.1220649909","463.1220649909","0","0.26696132423591046","1243","38","175","true"
"team3_300rdmRad.txt","1000","378.087","379.1374","379.1418941724","379.1418941724","379.1418941724","379.1418941724","0","0.2790083161811957","214","42","180","true"
"team4_400.txt","1000","669.91","674.3437","676.4785486977","676.4785486977","676.4785486977","676.4785486977","0","0.9805121132241744","2328","43","144","true"
"team4_400rdmRad.txt","1000","984.24","1013.1424","1010.7709219541","1010.7709219541","1010.7709219541","1010.7709219541","0","2.695574448721856","2720","77","572","true"
"team5_499.txt","1000","693.798","704.9002","703.0381704625","703.0381704625","703.0381704625","703.0381704625","0","1.3318243152185552","2992","62","305","true"
"team5_499rdmRad.txt","1000","446.191","446.5254","446.5036231165","446.5036231165","446.5036231165","446.5036231165","0","0.07006486381393821","332","46","455","true"
"team6_500.txt","1000","225.216","225.4505","225.3915488144","225.3915488144","225.3915488144","225.3915488144","0","0.07794686629724468","1212","37","1014","true"
"team6_500rdmRad.txt","1000","620.886","623.6781","627.0223292356","627.0223292356","627.0223292356","627.0223292356","0","0.98831818330579","1027","52","315","true"
